name,location,price,rating
Beach Albatros Aqua Park - Hurghada,"Villages Road, Hurghada","EGP 6,660",Scored 9.4 9.4
"Stella Gardens Resort & Spa, Makadi Bay","Makadi Bay, Hurghada","EGP 3,999",Scored 8.1 8.1
The Grand Resort,"Al Mamsha El Seyahi, Hurghada","EGP 5,266",Scored 8.8 8.8
Pickalbatros Blu Spa Resort - Adults Friendly 16 Years Plus- Ultra All-Inclusive,"Al Mamsha El Seyahi, Hurghada","EGP 6,919",Scored 9.5 9.5
Pickalbatros Citadel Resort Sahl Hasheesh,Hurghada,"EGP 8,086",Scored 9.2 9.2
Jaz Casa Del Mar Beach,"Al Mamsha El Seyahi, Hurghada","EGP 6,713",Scored 9.2 9.2
Hurghada Suites & Apartments Serviced by Marriott,"Al Mamsha El Seyahi, Hurghada","EGP 3,645",Scored 8.7 8.7
Pickalbatros White Beach Resort - Hurghada,"Al Mamsha El Seyahi, Hurghada","EGP 6,997",Scored 9.5 9.5
Creek Hotel and Residences El Gouna,"El Gouna, Hurghada","EGP 3,949",Scored 9.1 9.1
Caves Beach Resort Adults Only,"Al Ahyaa, Hurghada","EGP 4,709",Scored 8.0 8.0
Hurghada Marriott Beach Resort,"Al Mamsha El Seyahi, Hurghada","EGP 4,810",Scored 8.4 8.4
Jaz Makadi Saraya Resort,"Makadi Bay, Hurghada","EGP 4,236",Scored 9.0 9.0
Steigenberger Golf Resort El Gouna,"El Gouna, Hurghada","EGP 6,873",Scored 8.7 8.7
Movenpick Resort & Spa El Gouna,"El Gouna, Hurghada","EGP 8,610",Scored 8.3 8.3
Hilton Hurghada Plaza Hotel,Hurghada,"EGP 5,104",Scored 8.7 8.7
"Steigenberger Aqua Magic, All inclusive","Al Mamsha El Seyahi, Hurghada","EGP 6,343",Scored 8.5 8.5
Jaz Aquamarine Resort,"Villages Road, Hurghada","EGP 7,234",Scored 8.9 8.9
"The Oberoi Beach Resort, Sahl Hasheesh",Hurghada,"EGP 7,935",Scored 9.4 9.4
Old Palace Resort Sahl Hasheesh,"Sahl Hasheesh, Hurghada","EGP 3,732",Scored 8.8 8.8
Casa Cook El Gouna - Adults Only,"El Gouna, Hurghada","EGP 8,962",Scored 9.1 9.1
Sunrise Holidays Resort -Adults Only,Hurghada,"EGP 5,124",Scored 9.2 9.2
Sunrise Mamlouk Palace Resort,"Villages Road, Hurghada","EGP 6,837",Scored 9.3 9.3
Steigenberger Makadi - Adults Friendly 16 Years Plus,"Makadi Bay, Hurghada","EGP 4,771",Scored 9.0 9.0
Serenity Alpha Beach - Ex Serenity Makadi Beach,"Makadi Bay, Hurghada","EGP 5,506",Scored 9.2 9.2
La Maison Bleue El Gouna,"El Gouna, Hurghada","EGP 17,686",Scored 9.7 9.7
